{"features":["Net Volume","Pulp Area","Froth surface area","Froth thickness","Air Flow rate","R_inf Ccp","R_inf Gn","R_inf Po","R_inf Sp","k_max Ccp","k_max Gn","k_maxPo","k_max Sp","Entrainement Savassi parameters","Total Solids Flow_Feed","Total Liquid Flow_Feed","Pulp Volumetric Flow_Feed","Solids SG_Feed","Pulp SG_Feed","Solids Fraction_Feed","Cu_Feed","Fe_Feed","Pb_Feed","Zn_Feed"],"index":[1959,3380,564],"data":[[82.0148492464,31.7241341762,28.5517207586,18.1455844049,10.0646439305,32.0247912143,80.1577270177,19.7775512081,13.7799090478,1.751043396,1.7146302694,2.0660454008,1.9117405965,44.351308948,389.9437827797,621.0115657339,704.6163977706,4.7704331868,1.4347598945,11.600893422,5.4864368155,17.5063003958,25.9603555326,7.5562582744],[76.6159411463,37.5996591553,33.8396932398,24.8197329333,9.5595953932,29.0330046944,77.7723869137,18.4726550596,14.9536965975,2.0332952417,1.6090313038,1.1739781412,2.9664450749,63.2588174537,159.4032511945,169.7739625486,208.9235745986,4.1253119613,1.5755867397,18.4949401888,4.3955308633,18.4473641572,11.6374077533,10.8171160665],[105.1026605881,41.7547363665,37.5792627298,19.6529141669,8.5512095957,27.7350181846,79.9506983061,20.6020500894,15.7513547239,2.4175694661,1.2761724,1.8649183067,1.225428734,65.2298648421,470.7912595658,733.0612077797,831.2175983469,4.906262641,1.4483000237,11.544174129,5.1961557954,19.7398483429,29.0244896487,5.6169926017]]}